movieId,Adventure,Animation,Children,Comedy,Fantasy,Romance,Drama,Action,Crime,Thriller,Horror,Mystery,Sci-Fi,War,Musical,Documentary,IMAX,Western,Film-Noir,(no genres listed)
2870,0,0,0,1,0,0,0,0,0,0,0,0,0,0,0,0,0,0,0,0
558,1,1,1,0,1,0,0,1,0,0,0,0,0,0,0,0,0,0,0,0
708,0,0,0,1,0,1,0,0,0,0,0,0,0,0,0,0,0,0,0,0
788,0,0,0,1,1,1,0,0,0,0,0,0,1,0,0,0,0,0,0,0
1016,0,0,1,1,0,0,0,0,0,0,0,0,0,0,0,0,0,0,0,0
2369,0,0,0,1,0,1,1,0,0,0,0,0,0,0,0,0,0,0,0,0
3358,0,0,0,1,1,1,1,0,0,0,0,0,0,0,0,0,0,0,0,0
1457,0,0,0,1,0,1,1,0,0,0,0,0,0,0,0,0,0,0,0,0
339,0,0,0,1,0,1,0,0,0,0,0,0,0,0,0,0,0,0,0,0
3798,0,0,0,0,0,0,1,0,0,0,1,1,0,0,0,0,0,0,0,0
3740,1,0,0,1,1,0,0,1,0,0,0,0,0,0,0,0,0,0,0,0
2053,0,0,1,1,0,0,0,0,0,0,0,0,1,0,0,0,0,0,0,0
2092,1,1,1,0,1,1,0,0,0,0,0,0,0,0,1,0,0,0,0,0
1550,0,0,0,1,0,1,0,0,0,0,0,0,0,0,0,0,0,0,0,0
1722,1,0,0,0,0,0,0,1,0,1,0,0,0,0,0,0,0,0,0,0
2036,0,0,1,1,0,0,0,0,0,0,0,0,0,0,0,0,0,0,0,0
2115,1,0,0,0,1,0,0,1,0,0,0,0,0,0,0,0,0,0,0,0
1573,0,0,0,0,0,0,1,1,1,1,0,0,0,0,0,0,0,0,0,0
830,0,0,0,1,0,0,0,0,0,0,0,0,0,0,0,0,0,0,0,0
798,1,0,0,0,0,0,1,1,0,1,0,0,0,0,0,0,0,0,0,0
2144,0,0,0,1,0,1,0,0,0,0,0,0,0,0,0,0,0,0,0,0
3395,0,0,0,1,0,0,0,0,0,0,0,0,0,0,0,0,0,0,0,0
3505,0,0,0,0,0,0,1,0,0,1,0,1,0,0,0,0,0,0,0,0
414,0,0,0,1,0,0,0,0,0,0,0,0,0,0,0,0,0,0,0,0
2105,1,0,0,0,0,0,0,1,0,0,0,0,1,0,0,0,0,0,0,0
2793,0,0,0,1,0,1,0,0,0,1,1,0,0,0,0,0,0,0,0,0
1092,0,0,0,0,0,0,0,0,1,1,0,1,0,0,0,0,0,0,0,0
1665,0,0,0,1,0,0,0,0,0,0,0,0,0,0,0,0,0,0,0,0
2206,0,0,0,0,0,0,0,0,0,1,0,1,0,0,0,0,0,0,1,0
2490,0,0,0,0,0,0,0,1,0,1,0,0,0,0,0,0,0,0,0,0
3,0,0,0,1,0,1,0,0,0,0,0,0,0,0,0,0,0,0,0,0
1324,0,0,0,0,0,0,0,0,0,0,1,0,0,0,0,0,0,0,0,0
3686,0,0,0,0,0,0,0,0,0,1,1,0,1,0,0,0,0,0,0,0
3839,0,0,0,0,0,0,0,0,0,0,1,0,0,0,0,0,0,0,0,0
3394,0,0,0,1,0,1,0,0,0,0,0,0,0,0,0,0,0,0,0,0
2016,0,0,1,1,0,0,0,0,0,0,0,0,0,0,0,0,0,1,0,0
2097,0,0,1,0,1,0,1,0,0,1,0,1,0,0,0,0,0,0,0,0
736,1,0,0,0,0,1,0,1,0,1,0,0,0,0,0,0,0,0,0,0
724,0,0,0,0,1,0,1,0,0,1,1,0,0,0,0,0,0,0,0,0
1690,0,0,0,0,0,0,0,1,0,0,1,0,1,0,0,0,0,0,0,0
485,1,0,0,1,1,0,0,1,0,0,0,0,0,0,0,0,0,0,0,0
3081,0,0,0,0,1,1,0,0,0,0,1,1,0,0,0,0,0,0,0,0
1779,0,0,0,0,0,0,0,0,0,1,0,0,1,0,0,0,0,0,0,0
3175,1,0,0,1,0,0,0,0,0,0,0,0,1,0,0,0,0,0,0,0
3454,0,0,0,1,0,1,0,0,0,0,0,0,0,0,0,0,0,0,0,0
673,1,1,1,1,1,0,0,0,0,0,0,0,1,0,0,0,0,0,0,0
2418,0,0,0,1,0,0,0,0,0,0,0,0,0,0,0,0,0,0,0,0
2414,1,0,1,0,1,0,0,1,0,1,0,1,0,0,0,0,0,0,0,0
2359,0,0,0,1,0,0,0,0,0,0,0,0,0,0,0,0,0,0,0,0
2539,0,0,0,1,0,0,0,0,0,0,0,0,0,0,0,0,0,0,0,0
2836,0,0,0,1,0,0,0,0,0,0,0,0,0,0,0,0,0,0,0,0
2320,0,0,0,0,0,0,1,0,0,1,0,0,0,0,0,0,0,0,0,0
2060,0,0,0,1,0,0,0,0,0,0,0,0,0,0,0,0,0,0,0,0
3793,1,0,0,0,0,0,0,1,0,0,0,0,1,0,0,0,0,0,0,0
3497,0,0,0,1,0,0,0,0,0,0,0,0,0,0,0,0,0,0,0,0
2088,1,0,0,1,0,0,0,0,0,0,0,0,0,0,1,0,0,0,0,0
1777,0,0,0,1,0,1,0,0,0,0,0,0,0,0,0,0,0,0,0,0
1906,0,0,0,1,0,1,0,0,0,0,0,0,0,0,0,0,0,0,0,0
3476,0,0,0,0,0,0,0,0,0,0,1,1,0,0,0,0,0,0,0,0
2458,0,0,0,1,0,0,0,0,1,0,0,0,0,0,0,0,0,0,0,0
1198,1,0,0,0,0,0,0,1,0,0,0,0,0,0,0,0,0,0,0,0
915,0,0,0,1,0,1,0,0,0,0,0,0,0,0,0,0,0,0,0,0
3594,0,0,0,0,0,0,1,0,0,0,0,0,0,0,1,0,0,0,0,0
2140,1,0,0,0,1,0,0,0,0,0,0,0,0,0,0,0,0,0,0,0
2788,0,0,0,1,0,0,0,0,0,0,0,0,0,0,0,0,0,0,0,0
497,0,0,0,1,0,1,0,0,0,0,0,0,0,0,0,0,0,0,0,0
1,1,1,1,1,1,0,0,0,0,0,0,0,0,0,0,0,0,0,0,0
3301,0,0,0,1,0,0,0,0,1,0,0,0,0,0,0,0,0,0,0,0
2985,0,0,0,0,0,0,1,1,1,1,0,0,1,0,0,0,0,0,0,0
1911,0,0,0,1,0,0,0,0,0,0,0,0,0,0,0,0,0,0,0,0
3033,0,0,0,1,0,0,0,0,0,0,0,0,1,0,0,0,0,0,0,0
742,0,0,0,0,0,0,0,0,0,1,1,0,0,0,0,0,0,0,0,0
832,0,0,0,0,0,0,0,0,1,1,0,0,0,0,0,0,0,0,0,0
2640,1,0,0,0,0,0,0,1,0,0,0,0,1,0,0,0,0,0,0,0
3418,1,0,0,0,0,0,1,0,1,0,0,0,0,0,0,0,0,0,0,0
904,0,0,0,0,0,0,0,0,0,1,0,1,0,0,0,0,0,0,0,0
611,0,0,0,0,0,0,0,1,0,0,1,0,1,0,0,0,0,0,0,0
12,0,0,0,1,0,0,0,0,0,0,1,0,0,0,0,0,0,0,0,0
2478,0,0,0,1,0,0,0,0,0,0,0,0,0,0,0,0,0,1,0,0
3424,0,0,0,0,0,0,1,0,0,0,0,0,0,0,0,0,0,0,0,0
3146,0,0,0,1,0,0,0,0,0,0,0,0,0,0,0,0,0,0,0,0
911,0,0,0,1,0,1,0,0,1,1,0,1,0,0,0,0,0,0,0,0
2294,1,1,1,1,1,0,0,0,0,0,0,0,0,0,0,0,0,0,0,0
47,0,0,0,0,0,0,0,0,0,1,0,1,0,0,0,0,0,0,0,0
733,1,0,0,0,0,0,0,1,0,1,0,0,0,0,0,0,0,0,0,0
1219,0,0,0,0,0,0,0,0,1,0,1,0,0,0,0,0,0,0,0,0
2763,0,0,0,0,0,0,0,1,0,0,0,1,0,0,0,0,0,0,0,0
3044,0,0,0,0,0,1,0,0,0,1,0,1,0,0,0,0,0,0,0,0
913,0,0,0,0,0,0,0,0,0,0,0,1,0,0,0,0,0,0,1,0
849,1,0,0,0,0,0,0,1,0,1,0,0,1,0,0,0,0,0,0,0
879,0,0,0,0,0,0,0,0,0,1,1,0,0,0,0,0,0,0,0,0
235,0,0,0,1,0,0,1,0,0,0,0,0,0,0,0,0,0,0,0,0
709,1,1,1,1,0,0,0,0,0,0,0,0,0,0,1,0,0,0,0,0
1679,0,0,0,1,0,0,0,0,0,0,0,0,0,0,0,0,0,0,0,0
466,0,0,0,1,0,0,0,1,0,0,0,0,0,1,0,0,0,0,0,0
2338,0,0,0,0,0,0,0,0,0,1,1,1,0,0,0,0,0,0,0,0
2555,0,0,0,1,0,0,0,0,0,0,0,0,0,0,0,0,0,0,0,0
881,0,0,1,1,0,0,0,0,0,0,0,0,0,0,0,0,0,0,0,0
1584,0,0,0,0,0,0,1,0,0,0,0,0,1,0,0,0,0,0,0,0
1355,0,0,0,0,0,0,0,0,0,1,1,0,0,0,0,0,0,0,0,0
3466,0,0,0,1,1,0,0,0,0,0,0,0,0,0,0,0,0,0,0,0
1356,1,0,0,0,0,0,0,1,0,1,0,0,1,0,0,0,0,0,0,0
3056,0,0,0,0,0,0,1,0,1,1,0,0,0,0,0,0,0,0,0,0
1689,0,0,0,1,0,0,0,0,1,1,0,0,0,0,0,0,0,0,0,0
2143,1,0,0,0,1,1,0,0,0,0,0,0,0,0,0,0,0,0,0,0
588,1,1,1,1,0,0,0,0,0,0,0,0,0,0,1,0,0,0,0,0
1917,0,0,0,0,0,1,0,1,0,1,0,0,1,0,0,0,0,0,0,0
3479,1,0,0,0,1,1,0,0,0,0,0,0,0,0,0,0,0,0,0,0
1754,0,0,0,0,1,0,1,0,1,1,0,0,0,0,0,0,0,0,0,0
2485,0,0,0,1,0,1,0,0,0,0,0,0,0,0,0,0,0,0,0,0
3247,0,0,0,1,0,0,0,0,1,0,0,0,0,0,0,0,0,0,0,0
434,1,0,0,0,0,0,0,1,0,1,0,0,0,0,0,0,0,0,0,0
316,1,0,0,0,0,0,0,1,0,0,0,0,1,0,0,0,0,0,0,0
2641,0,0,0,0,0,0,0,1,0,0,0,0,1,0,0,0,0,0,0,0
165,0,0,0,0,0,0,0,1,1,1,0,0,0,0,0,0,0,0,0,0
87,0,0,1,1,0,0,0,0,0,0,0,0,0,0,0,0,0,0,0,0
3510,0,0,0,0,0,0,1,0,0,1,0,0,0,0,0,0,0,0,0,0
2463,0,0,0,1,0,0,0,0,0,0,0,0,0,0,0,0,0,0,0,0
2134,0,0,0,1,1,0,0,0,0,0,0,0,1,0,0,0,0,0,0,0
3273,0,0,0,1,0,0,0,0,0,1,1,1,0,0,0,0,0,0,0,0
423,0,0,0,0,0,0,0,1,0,1,0,0,0,0,0,0,0,0,0,0
3548,0,0,0,1,0,0,1,0,0,0,0,0,0,0,0,0,0,0,0,0
3745,1,1,1,0,0,0,0,1,0,0,0,0,1,0,0,0,0,0,0,0
2167,0,0,0,0,0,0,0,1,0,1,1,0,0,0,0,0,0,0,0,0
1456,0,0,0,1,0,0,0,0,0,0,0,0,0,0,0,0,0,0,0,0
1732,0,0,0,1,0,0,0,0,1,0,0,0,0,0,0,0,0,0,0,0
186,0,0,0,1,0,1,0,0,0,0,0,0,0,0,0,0,0,0,0,0
2754,0,0,0,0,0,0,0,0,0,0,1,0,0,0,0,0,0,0,0,0
329,1,0,0,0,0,0,1,0,0,0,0,0,1,0,0,0,0,0,0,0
1783,0,0,0,0,0,1,1,0,1,1,0,1,0,0,0,0,0,0,0,0
1259,1,0,0,0,0,0,1,0,0,0,0,0,0,0,0,0,0,0,0,0
372,0,0,0,1,0,1,1,0,0,0,0,0,0,0,0,0,0,0,0,0
1891,0,0,0,0,0,0,0,0,0,1,1,0,0,0,0,0,0,0,0,0
1881,1,1,1,0,1,0,0,0,0,0,0,0,0,0,1,0,0,0,0,0
2606,0,0,0,1,0,0,0,0,0,0,1,0,0,0,0,0,0,0,0,0
3471,1,0,0,0,0,0,1,0,0,0,0,0,1,0,0,0,0,0,0,0
3802,0,0,0,0,0,0,0,1,0,0,0,0,1,0,0,0,0,0,0,0
720,1,1,0,1,0,0,0,0,0,0,0,0,0,0,0,0,0,0,0,0
3070,1,0,0,1,0,0,0,0,0,0,0,0,1,0,0,0,0,0,0,0
494,1,0,0,0,0,0,0,1,0,1,0,0,0,0,0,0,0,0,0,0
2245,0,0,0,1,0,1,1,0,0,0,0,0,0,0,0,0,0,0,0,0
2371,0,0,0,1,0,0,0,0,1,0,0,1,0,0,0,0,0,0,0,0
2558,0,0,0,1,0,1,0,0,0,0,0,0,0,0,0,0,0,0,0,0
2915,0,0,0,1,0,0,0,0,0,0,0,0,0,0,0,0,0,0,0,0
1380,0,0,0,1,0,1,0,0,0,0,0,0,0,0,1,0,0,0,0,0
1845,0,0,0,1,0,0,0,0,0,1,0,1,0,0,0,0,0,0,0,0
3699,1,0,0,0,0,1,1,0,0,0,0,0,1,0,0,0,0,0,0,0
1200,1,0,0,0,0,0,0,1,0,0,1,0,1,0,0,0,0,0,0,0
185,0,0,0,0,0,0,0,1,1,1,0,0,0,0,0,0,0,0,0,0
3534,0,0,0,0,0,0,1,0,0,0,0,0,0,0,0,0,0,0,0,0
1688,1,1,1,0,0,0,1,0,0,0,0,0,0,0,1,0,0,0,0,0
3398,0,0,1,1,0,0,0,0,0,0,0,0,0,0,1,0,0,0,0,0
2502,0,0,0,1,0,0,0,0,1,0,0,0,0,0,0,0,0,0,0,0
1569,0,0,0,1,0,1,0,0,0,0,0,0,0,0,0,0,0,0,0,0
65,0,0,0,1,0,0,0,0,0,0,0,0,0,0,0,0,0,0,0,0
2423,0,0,0,1,0,0,0,0,0,0,0,0,0,0,0,0,0,0,0,0
2901,0,0,0,0,0,0,0,0,0,0,1,0,1,0,0,0,0,0,0,0
3662,0,0,0,0,0,0,0,0,0,1,1,0,1,0,0,0,0,0,0,0
170,1,0,0,0,0,0,0,1,1,1,0,0,0,0,0,0,0,0,0,0
3489,1,0,0,1,1,0,0,0,0,0,0,0,0,0,0,0,0,0,0,0
216,0,0,0,1,0,0,0,0,0,0,0,0,0,0,0,0,0,0,0,0
2001,0,0,0,1,0,0,1,1,1,0,0,0,0,0,0,0,0,0,0,0
1718,0,0,0,0,0,0,0,0,0,1,0,0,0,0,0,0,0,0,0,0
3203,0,0,0,0,0,0,0,0,0,1,0,0,0,0,0,0,0,0,0,0
3253,0,0,0,1,0,0,0,0,0,0,0,0,0,0,0,0,0,0,0,0
1391,0,0,0,1,0,0,0,1,0,0,0,0,1,0,0,0,0,0,0,0
1527,1,0,0,1,0,0,0,1,0,0,0,0,1,0,0,0,0,0,0,0
2701,0,0,0,1,0,0,0,1,0,0,0,0,1,0,0,0,0,1,0,0
2033,1,1,1,0,1,0,0,0,0,0,0,0,0,0,0,0,0,0,0,0
486,0,0,0,1,0,0,0,0,0,0,0,0,0,0,0,0,0,0,0,0
3706,0,0,0,0,0,0,0,0,0,1,1,1,0,0,0,0,0,0,1,0
1407,0,0,0,1,0,0,0,0,0,1,1,1,0,0,0,0,0,0,0,0
2267,0,0,0,0,0,0,0,0,0,1,0,1,0,0,0,0,0,0,0,0
1614,0,0,0,1,0,0,0,0,0,0,0,0,0,0,0,0,0,0,0,0
2393,0,0,0,0,0,1,1,1,0,0,0,0,1,0,0,0,0,0,0,0
2110,0,0,0,1,0,0,0,0,1,1,0,0,0,0,0,0,0,0,0,0
1032,1,1,1,0,1,0,0,0,0,0,0,0,0,0,1,0,0,0,0,0
3087,0,0,0,1,1,1,0,0,0,0,0,0,0,0,0,0,0,0,0,0
1648,0,0,0,1,0,0,1,0,0,0,0,0,0,0,0,0,0,0,0,0
653,1,0,0,0,1,0,0,1,0,0,0,0,0,0,0,0,0,0,0,0
3591,0,0,0,1,0,0,1,0,0,0,0,0,0,0,0,0,0,0,0,0
2133,1,0,0,1,0,0,0,0,0,0,0,0,0,0,0,0,0,0,0,0
2193,1,0,0,0,1,0,0,1,0,0,0,0,0,0,0,0,0,0,0,0
1267,0,0,0,0,0,0,0,0,1,1,0,0,0,1,0,0,0,0,0,0
910,0,0,0,1,0,0,0,0,1,0,0,0,0,0,0,0,0,0,0,0
2315,0,0,0,1,0,0,0,0,0,1,1,0,0,0,0,0,0,0,0,0
2004,0,0,0,1,0,0,0,0,0,0,1,0,0,0,0,0,0,0,0,0
2804,0,0,1,1,0,0,0,0,0,0,0,0,0,0,0,0,0,0,0,0
2321,0,0,0,1,1,0,1,0,0,0,0,0,0,0,0,0,0,0,0,0
1603,0,0,0,0,0,0,0,0,0,1,1,0,1,0,0,0,0,0,0,0
1376,1,0,0,1,0,0,0,0,0,0,0,0,1,0,0,0,0,0,0,0
1089,0,0,0,0,0,0,0,0,1,1,0,1,0,0,0,0,0,0,0,0
432,1,0,0,1,0,0,0,0,0,0,0,0,0,0,0,0,0,1,0,0
1963,0,0,0,1,0,0,0,0,1,0,0,0,0,0,0,0,0,0,0,0
1970,0,0,0,0,0,0,0,0,0,1,1,0,0,0,0,0,0,0,0,0
637,0,0,0,1,0,0,0,0,0,0,0,0,0,0,0,0,0,0,0,0
799,0,0,0,1,0,0,0,0,0,1,1,0,0,0,0,0,0,0,0,0
2012,1,0,0,1,0,0,0,0,0,0,0,0,1,0,0,0,0,1,0,0
3264,0,0,0,1,0,0,0,1,0,0,1,0,0,0,0,0,0,0,0,0
367,0,0,0,1,1,0,0,1,1,0,0,0,0,0,0,0,0,0,0,0
2898,0,0,0,0,0,0,0,0,0,0,1,1,0,0,0,0,0,0,0,0
2261,0,0,0,1,0,0,0,0,0,0,0,0,0,0,0,0,0,0,0,0
3039,0,0,0,1,0,0,0,0,0,0,0,0,0,0,0,0,0,0,0,0
1270,1,0,0,1,0,0,0,0,0,0,0,0,1,0,0,0,0,0,0,0
1888,0,0,0,1,0,1,1,0,0,0,0,0,0,0,0,0,0,0,0,0
2000,0,0,0,1,0,0,1,1,1,0,0,0,0,0,0,0,0,0,0,0
34,0,0,1,0,0,0,1,0,0,0,0,0,0,0,0,0,0,0,0,0
3396,1,0,1,1,0,0,0,0,0,0,0,0,0,0,1,0,0,0,0,0
319,0,0,0,1,0,0,1,0,0,1,0,0,0,0,0,0,0,0,0,0
2699,0,0,0,1,0,0,0,0,0,0,1,0,0,0,0,0,0,0,0,0
2706,0,0,0,1,0,1,0,0,0,0,0,0,0,0,0,0,0,0,0,0
344,0,0,0,1,0,0,0,0,0,0,0,0,0,0,0,0,0,0,0,0
3031,0,0,0,1,0,0,0,0,0,0,0,0,0,0,0,0,0,0,0,0
1427,0,0,0,0,0,0,0,1,0,1,0,0,0,0,0,0,0,0,0,0
2528,1,0,0,0,0,0,0,1,0,0,0,0,1,0,0,0,0,0,0,0
1653,0,0,0,0,0,0,1,0,0,1,0,0,1,0,0,0,0,0,0,0
1499,1,0,0,0,0,0,0,1,0,1,0,0,0,0,0,0,0,0,0,0
2719,0,0,0,0,0,0,0,0,0,1,1,0,0,0,0,0,0,0,0,0
2628,1,0,0,0,0,0,0,1,0,0,0,0,1,0,0,0,0,0,0,0
2279,0,0,0,0,0,0,0,0,0,1,1,0,0,0,0,0,0,0,0,0
2082,0,0,1,1,0,0,0,0,0,0,0,0,0,0,0,0,0,0,0,0
2900,0,0,0,0,0,0,0,0,0,0,1,0,1,0,0,0,0,0,0,0
1291,1,0,0,0,0,0,0,1,0,0,0,0,0,0,0,0,0,0,0,0
2139,1,1,1,0,0,0,1,0,0,0,0,0,0,0,0,0,0,0,0,0
3683,0,0,0,0,0,0,1,0,1,0,0,0,0,0,0,0,0,0,1,0
161,0,0,0,0,0,0,1,0,0,1,0,0,0,1,0,0,0,0,0,0
3048,0,0,0,1,0,0,0,0,0,0,0,0,0,0,0,0,0,0,0,0
2108,0,0,0,1,0,1,0,0,0,0,0,0,0,0,0,0,0,0,0,0
2709,0,0,1,1,0,0,0,0,0,0,0,0,0,0,0,0,0,0,0,0
1552,1,0,0,0,0,0,0,1,0,1,0,0,0,0,0,0,0,0,0,0
1663,0,0,0,1,0,0,0,0,0,0,0,0,0,1,0,0,0,0,0,0
7,0,0,0,1,0,1,0,0,0,0,0,0,0,0,0,0,0,0,0,0
1971,0,0,0,0,0,0,0,0,0,1,1,0,0,0,0,0,0,0,0,0
379,0,0,0,0,0,0,0,1,0,1,0,0,1,0,0,0,0,0,0,0
1057,0,0,0,1,0,1,0,0,0,0,0,0,0,0,1,0,0,0,0,0
1373,0,0,0,0,0,0,0,1,0,0,0,0,1,0,0,0,0,0,0,0
2700,0,1,0,1,0,0,0,0,0,0,0,0,0,0,1,0,0,0,0,0
3355,0,0,0,0,1,0,0,0,0,1,1,1,0,0,0,0,0,0,0,0
640,0,0,0,0,0,0,1,0,0,1,0,0,0,0,0,0,0,0,0,0
1806,1,0,1,1,0,0,0,0,0,0,0,0,0,0,0,0,0,0,0,0
3114,1,1,1,1,1,0,0,0,0,0,0,0,0,0,0,0,0,0,0,0
196,0,0,0,0,0,0,0,0,0,0,1,0,1,0,0,0,0,0,0,0
1625,0,0,0,0,0,0,1,0,0,1,0,1,0,0,0,0,0,0,0,0
2094,1,0,0,0,0,0,0,1,0,0,0,0,1,0,0,0,0,0,0,0
3501,0,0,0,1,0,1,0,0,0,0,0,0,0,0,0,0,0,0,0,0
3704,1,0,0,0,0,0,0,1,0,0,0,0,1,0,0,0,0,0,0,0
1086,0,0,0,0,0,0,0,0,1,1,0,1,0,0,0,0,0,0,0,0
1238,0,0,0,1,0,0,0,0,0,0,0,0,0,0,0,0,0,0,0,0
2169,0,0,0,1,0,0,0,0,0,0,0,0,0,0,0,0,0,0,0,0
610,1,1,0,0,0,0,0,1,0,0,1,0,1,0,0,0,0,0,0,0
48,0,1,1,0,0,1,1,0,0,0,0,0,0,0,1,0,0,0,0,0
3481,0,0,0,1,0,1,1,0,0,0,0,0,0,0,0,0,0,0,0,0
1894,1,0,0,1,0,1,0,0,0,0,0,0,0,0,0,0,0,0,0,0
258,1,0,1,1,1,1,0,0,0,0,0,0,0,0,0,0,0,0,0,0
2406,1,0,0,1,0,1,0,1,0,0,0,0,0,0,0,0,0,0,0,0
2263,0,0,0,0,1,0,1,0,0,1,0,0,0,0,0,0,0,0,0,0
1892,0,0,0,0,0,0,0,0,0,1,0,0,0,0,0,0,0,0,0,0
1371,1,0,0,0,0,0,0,0,0,0,0,0,1,0,0,0,0,0,0,0
2396,0,0,0,1,0,1,1,0,0,0,0,0,0,0,0,0,0,0,0,0
671,0,0,0,1,0,0,0,0,0,0,0,0,1,0,0,0,0,0,0,0
2407,0,0,0,1,0,0,0,0,0,0,0,0,1,0,0,0,0,0,0,0
1848,1,0,1,1,1,0,0,0,0,0,0,0,0,0,0,0,0,0,0,0
1920,0,1,1,0,1,0,0,0,0,0,0,0,0,1,0,0,0,0,0,0
2883,0,0,0,1,0,0,1,0,0,0,0,0,0,0,0,0,0,0,0,0
1580,0,0,0,1,0,0,0,1,0,0,0,0,1,0,0,0,0,0,0,0
3401,1,0,0,0,0,0,0,0,0,0,0,0,1,0,0,0,0,0,0,0
761,1,0,0,0,0,0,0,1,0,0,0,0,0,0,0,0,0,0,0,0
1265,0,0,0,1,1,1,0,0,0,0,0,0,0,0,0,0,0,0,0,0
3005,0,0,0,0,0,0,0,0,0,1,0,0,0,0,0,0,0,0,0,0
3754,1,1,1,1,1,0,0,0,0,0,0,0,0,0,0,0,0,0,0,0
356,0,0,0,1,0,1,1,0,0,0,0,0,0,1,0,0,0,0,0,0
2232,0,0,0,0,0,0,0,0,0,1,1,1,1,0,0,0,0,0,0,0
1644,0,0,0,0,0,0,0,0,0,1,1,1,0,0,0,0,0,0,0,0
2118,0,0,0,0,0,0,0,0,0,1,0,0,0,0,0,0,0,0,0,0
10,1,0,0,0,0,0,0,1,0,1,0,0,0,0,0,0,0,0,0,0
2153,1,0,0,0,0,0,0,1,0,0,0,0,0,0,0,0,0,0,0,0
2450,1,0,0,1,0,0,0,0,0,0,0,0,1,0,0,0,0,0,0,0
450,0,0,0,1,0,0,1,0,0,0,0,0,0,0,0,0,0,0,0,0
1047,0,0,0,0,0,0,1,1,0,1,0,0,0,0,0,0,0,0,0,0
1342,0,0,0,0,0,0,0,0,0,1,1,0,0,0,0,0,0,0,0,0
32,0,0,0,0,0,0,0,0,0,1,0,1,1,0,0,0,0,0,0,0
3499,0,0,0,0,0,0,1,0,0,1,1,0,0,0,0,0,0,0,0,0
2571,0,0,0,0,0,0,0,1,0,1,0,0,1,0,0,0,0,0,0,0
2428,0,0,0,0,0,0,0,0,0,0,1,0,1,0,0,0,0,0,0,0
3763,0,0,0,0,0,0,0,1,1,1,0,0,0,0,0,0,0,0,0,0
539,0,0,0,1,0,1,1,0,0,0,0,0,0,0,0,0,0,0,0,0
2858,0,0,0,0,0,1,1,0,0,0,0,0,0,0,0,0,0,0,0,0
3064,0,0,0,0,0,0,1,0,0,1,0,0,0,0,0,0,0,0,0,0
1645,0,0,0,0,0,0,1,0,0,1,0,1,0,0,0,0,0,0,0,0
445,0,0,0,1,0,0,0,0,0,0,0,0,0,0,0,0,0,0,0,0
1378,0,0,0,1,0,0,0,1,0,0,0,0,0,0,0,0,0,1,0,0
107,1,0,1,1,0,0,0,0,0,0,0,0,0,0,1,0,0,0,0,0
54,0,0,1,1,0,0,0,0,0,0,0,0,0,0,0,0,0,0,0,0
818,0,0,0,1,0,0,0,0,0,0,0,0,0,0,0,0,0,0,0,0
1597,0,0,0,0,0,1,1,0,0,1,0,1,0,0,0,0,0,0,0,0
2011,1,0,0,1,0,0,0,0,0,0,0,0,1,0,0,0,0,0,0,0
1129,1,0,0,0,0,0,0,1,0,1,0,0,1,0,0,0,0,0,0,0
1409,0,0,0,1,1,1,1,0,0,0,0,0,0,0,0,0,0,0,0,0
1359,0,0,1,1,0,0,0,0,0,0,0,0,0,0,0,0,0,0,0,0
102,0,0,0,1,0,0,0,0,0,0,0,0,0,0,0,0,0,0,0,0
457,0,0,0,0,0,0,0,0,0,1,0,0,0,0,0,0,0,0,0,0
3751,0,1,1,1,0,0,0,0,0,0,0,0,0,0,0,0,0,0,0,0
3705,0,0,0,1,0,1,0,1,0,0,0,0,0,0,0,0,0,0,0,0
1919,0,0,1,1,0,0,0,0,0,0,0,0,0,0,0,0,0,0,0,0
3671,0,0,0,1,0,0,0,0,0,0,0,0,0,0,0,0,0,1,0,0
785,0,0,0,1,0,0,0,0,0,0,0,0,0,0,0,0,0,0,0,0
986,1,0,1,0,0,0,0,0,0,0,0,0,0,0,0,0,0,0,0,0
44,1,0,0,0,1,0,0,1,0,0,0,0,0,0,0,0,0,0,0,0
2860,0,0,0,1,0,0,0,0,0,0,0,0,0,0,0,0,0,0,0,0
1214,0,0,0,0,0,0,0,0,0,0,1,0,1,0,0,0,0,0,0,0
1816,0,0,0,1,0,0,1,0,0,0,0,0,0,0,0,0,0,0,0,0
1333,0,0,0,0,0,0,0,0,0,1,1,0,0,0,0,0,0,0,0,0
2003,0,0,0,1,0,0,0,0,0,0,1,0,0,0,0,0,0,0,0,0
3324,0,0,0,1,0,0,0,0,0,0,0,0,0,0,0,0,0,0,0,0
422,0,0,0,0,0,0,0,0,0,1,0,0,0,0,0,0,0,0,0,0
256,0,0,0,1,0,0,0,0,0,0,0,0,1,0,0,0,0,0,0,0
3698,0,0,0,0,0,0,0,1,0,0,0,0,1,0,0,0,0,0,0,0
3584,0,0,0,0,0,1,1,1,0,1,0,0,0,0,0,0,0,0,0,0
500,0,0,0,1,0,0,1,0,0,0,0,0,0,0,0,0,0,0,0,0
930,0,0,0,0,0,1,0,0,0,1,0,0,0,0,0,0,0,0,1,0
1798,0,0,0,0,0,0,0,0,0,1,0,0,0,0,0,0,0,0,0,0
3752,1,0,0,1,0,0,0,0,0,0,0,0,0,0,0,0,0,0,0,0
3500,0,0,0,1,0,0,1,0,0,0,0,0,0,0,0,0,0,0,0,0
2002,0,0,0,1,0,0,1,1,1,0,0,0,0,0,0,0,0,0,0,0
3400,1,1,1,0,1,0,0,0,0,0,0,0,0,0,0,0,0,0,0,0
2888,0,0,0,1,0,1,0,0,0,0,0,0,0,0,0,0,0,0,0,0
2995,0,0,0,0,0,0,0,0,0,1,1,0,0,0,0,0,0,0,0,0
357,0,0,0,1,0,1,0,0,0,0,0,0,0,0,0,0,0,0,0,0
1895,0,0,0,1,0,1,1,0,0,0,0,0,0,0,0,0,0,0,0,0
2186,0,0,0,0,0,0,1,0,1,1,0,0,0,0,0,0,0,0,1,0
328,0,0,0,0,0,0,0,0,0,1,1,0,0,0,0,0,0,0,0,0
3397,0,0,1,1,0,0,0,0,0,0,0,0,0,0,0,0,0,0,0,0
3692,0,0,0,1,0,0,0,0,0,0,1,0,0,0,0,0,0,0,0,0
1020,0,0,0,1,0,0,0,0,0,0,0,0,0,0,0,0,0,0,0,0
627,0,0,0,0,0,0,1,0,0,1,0,0,0,0,0,0,0,0,0,0
2145,0,0,0,1,0,1,1,0,0,0,0,0,0,0,0,0,0,0,0,0
3072,0,0,0,1,0,1,0,0,0,0,0,0,0,0,0,0,0,0,0,0
1748,1,0,0,0,0,0,0,0,0,1,0,0,1,0,0,0,0,0,1,0
1278,0,0,0,1,1,0,0,0,0,0,0,0,0,0,0,0,0,0,0,0
3300,0,0,0,0,0,0,0,0,0,1,1,0,1,0,0,0,0,0,0,0
1831,1,0,0,0,0,0,0,1,0,0,0,0,1,0,0,0,0,0,0,0
2791,0,0,0,1,0,0,0,0,0,0,0,0,0,0,0,0,0,0,0,0
2040,0,0,1,1,0,0,0,0,0,0,0,0,0,0,0,0,0,0,0,0
455,1,0,1,0,0,0,1,0,0,0,0,0,0,0,0,0,0,0,0,0
3809,0,0,0,1,0,0,0,0,0,0,0,0,0,0,0,0,0,0,0,0
1037,0,0,0,0,0,0,0,1,0,1,1,0,1,0,0,0,0,0,0,0
332,0,0,0,0,0,0,0,0,0,0,1,0,1,0,0,0,0,0,0,0
2387,0,0,0,1,0,0,0,0,1,0,0,0,0,0,0,0,0,0,0,0
474,0,0,0,0,0,0,0,1,0,1,0,0,0,0,0,0,0,0,0,0
2123,0,1,1,1,1,0,1,0,0,0,0,0,0,0,0,0,0,0,0,0
1805,0,0,0,0,0,0,1,0,1,1,0,1,0,0,0,0,0,0,0,0
173,0,0,0,0,0,0,0,1,1,0,0,0,1,0,0,0,0,0,0,0
1441,0,0,0,1,0,1,0,0,0,0,0,0,0,0,0,0,0,0,0,0
2287,0,0,0,0,0,0,0,0,0,1,1,0,1,0,0,0,0,0,0,0
1461,0,0,0,1,0,0,0,0,0,0,0,0,0,0,0,0,0,0,0,0
1544,1,0,0,0,0,0,0,1,0,1,0,0,1,0,0,0,0,0,0,0
2723,0,0,0,1,1,0,0,1,0,0,0,0,0,0,0,0,0,0,0,0
135,0,0,0,1,0,0,0,0,0,0,0,0,0,0,0,0,0,0,0,0
2746,0,0,0,1,0,0,0,0,0,0,1,0,0,0,1,0,0,0,0,0
3213,0,1,1,0,0,0,0,0,0,0,0,0,0,0,0,0,0,0,0,0
541,0,0,0,0,0,0,0,1,0,1,0,0,1,0,0,0,0,0,0,0
2248,0,0,0,1,0,1,1,0,0,0,0,0,0,0,0,0,0,0,0,0
592,0,0,0,0,0,0,0,1,1,1,0,0,0,0,0,0,0,0,0,0
3370,0,0,0,0,0,0,1,0,0,1,0,0,0,0,0,0,0,0,0,0
3052,1,0,0,1,1,0,0,0,0,0,0,0,0,0,0,0,0,0,0,0
2005,1,0,1,1,1,0,0,1,0,0,0,0,0,0,0,0,0,0,0,0
2413,0,0,0,1,0,0,0,0,1,1,0,1,0,0,0,0,0,0,0,0
2065,0,0,0,1,1,1,1,0,0,0,0,0,0,0,0,0,0,0,0,0
2041,1,0,1,1,0,0,0,1,0,0,0,0,0,0,0,0,0,0,0,0
2614,0,0,0,0,0,0,0,1,0,0,1,0,1,0,0,0,0,0,0,0
1485,0,0,0,1,0,0,0,0,0,0,0,0,0,0,0,0,0,0,0,0
1297,0,0,0,1,0,0,0,0,0,0,0,0,0,0,0,0,0,0,0,0
3255,0,0,0,1,0,0,1,0,0,0,0,0,0,0,0,0,0,0,0,0
1862,0,0,0,0,0,0,0,0,0,0,1,0,1,0,0,0,0,0,0,0
3316,0,0,0,0,0,0,0,1,0,1,0,0,0,0,0,0,0,0,0,0
906,0,0,0,0,0,0,1,0,0,1,0,0,0,0,0,0,0,0,0,0
3515,0,0,0,1,0,1,0,0,0,0,0,0,0,0,0,0,0,0,0,0
3835,0,0,0,0,0,0,0,0,0,1,0,0,0,0,0,0,0,0,0,0
2150,1,0,0,1,0,0,0,0,0,0,0,0,0,0,0,0,0,0,0,0
2643,1,0,0,0,0,0,0,1,0,0,0,0,1,0,0,0,0,0,0,0
2148,0,0,0,1,1,0,0,0,0,0,1,0,0,0,0,0,0,0,0,0
2936,1,0,0,1,0,1,0,0,0,0,0,0,0,0,0,0,0,0,0,0
2424,0,0,0,1,0,1,0,0,0,0,0,0,0,0,0,0,0,0,0,0
330,0,0,0,0,0,0,0,1,1,0,1,0,0,0,0,0,0,0,0,0
3258,0,0,0,1,1,0,0,0,0,0,0,0,0,0,0,0,0,0,0,0
141,0,0,0,1,0,0,0,0,0,0,0,0,0,0,0,0,0,0,0,0
3624,1,0,0,1,0,0,0,1,0,0,0,0,0,0,0,0,0,1,0,0
924,1,0,0,0,0,0,1,0,0,0,0,0,1,0,0,0,0,0,0,0
3797,0,0,0,0,0,0,0,0,0,1,0,0,0,0,0,0,0,0,0,0
2581,0,0,0,1,0,1,0,0,0,0,0,0,0,0,0,0,0,0,0,0
2687,1,1,1,0,0,0,1,0,0,0,0,0,0,0,0,0,0,0,0,0
2078,0,1,1,1,0,0,0,0,0,0,0,0,0,0,1,0,0,0,0,0
2916,1,0,0,0,0,0,0,1,0,1,0,0,1,0,0,0,0,0,0,0
3550,0,0,0,0,0,0,0,0,0,0,1,0,0,0,0,0,0,0,0,0
1583,0,0,1,0,1,0,0,0,0,0,0,0,0,0,0,0,0,0,0,0
293,0,0,0,0,0,0,1,1,1,1,0,0,0,0,0,0,0,0,0,0
2468,0,0,0,1,0,1,0,1,0,1,0,0,0,0,0,0,0,0,0,0
2137,0,1,1,0,0,0,0,0,0,0,0,0,0,0,0,0,0,0,0,0
19,0,0,0,1,0,0,0,0,0,0,0,0,0,0,0,0,0,0,0,0
1197,1,0,0,1,1,1,0,1,0,0,0,0,0,0,0,0,0,0,0,0
2518,0,0,0,1,0,0,0,0,0,0,0,0,0,0,0,0,0,0,0,0
351,0,0,0,1,0,1,1,0,0,0,0,0,0,0,0,0,0,0,0,0
1179,0,0,0,0,0,0,1,0,1,0,0,0,0,0,0,0,0,0,1,0
597,0,0,0,1,0,1,0,0,0,0,0,0,0,0,0,0,0,0,0,0
589,0,0,0,0,0,0,0,1,0,0,0,0,1,0,0,0,0,0,0,0
2048,0,1,1,0,0,0,0,1,1,0,0,0,0,0,0,0,0,0,0,0
1921,0,0,0,0,0,0,1,0,0,1,0,0,1,0,0,0,0,0,0,0
1593,0,0,0,1,0,1,0,0,0,0,0,0,0,0,0,0,0,0,0,0
260,1,0,0,0,0,0,0,1,0,0,0,0,1,0,0,0,0,0,0,0
3219,0,0,0,0,0,0,0,0,0,1,0,1,0,0,0,0,0,0,0,0
370,0,0,0,1,0,0,0,1,0,0,0,0,0,0,0,0,0,0,0,0
2762,0,0,0,0,0,0,1,0,0,0,1,1,0,0,0,0,0,0,0,0
350,0,0,0,0,0,0,1,0,0,1,0,1,0,0,0,0,0,0,0,0
1097,0,0,1,0,0,0,1,0,0,0,0,0,1,0,0,0,0,0,0,0
1812,0,0,1,1,0,0,1,0,0,0,0,0,0,0,0,0,0,0,0,0
3826,0,0,0,0,0,0,0,0,0,1,1,0,1,0,0,0,0,0,0,0
273,0,0,0,0,0,0,1,0,0,0,1,0,1,0,0,0,0,0,0,0
762,0,0,0,1,0,0,0,0,1,0,0,0,0,0,0,0,0,0,0,0
2550,0,0,0,0,0,0,0,0,0,1,1,0,0,0,0,0,0,0,0,0
2,1,0,1,0,1,0,0,0,0,0,0,0,0,0,0,0,0,0,0,0
378,0,0,0,1,0,1,0,0,0,0,0,0,0,0,0,0,0,0,0,0
2987,1,1,1,1,1,0,0,0,1,0,0,1,0,0,0,0,0,0,0,0
3744,0,0,0,0,0,0,0,1,1,1,0,0,0,0,0,0,0,0,0,0
3622,0,0,0,1,0,0,0,0,0,0,0,0,0,0,0,0,0,0,0,0
2026,0,0,0,0,0,0,0,0,0,1,1,0,0,0,0,0,0,0,0,0
1909,0,0,0,0,0,0,0,1,1,1,0,1,1,0,0,0,0,0,0,0
1148,0,1,1,1,0,0,0,0,1,0,0,0,0,0,0,0,0,0,0,0
1907,1,1,1,1,0,1,1,0,0,0,0,0,0,0,1,0,0,0,0,0
3484,0,0,0,0,0,0,0,0,0,1,0,0,0,0,0,0,0,0,0,0
2617,1,0,0,1,1,0,0,1,0,1,1,0,0,0,0,0,0,0,0,0
1077,0,0,0,1,0,0,0,0,0,0,0,0,1,0,0,0,0,0,0,0
3032,0,0,0,0,0,0,1,1,0,1,0,0,1,0,0,0,0,0,0,0
1346,0,0,0,0,1,0,1,0,0,0,1,0,0,0,0,0,0,0,0,0
586,0,0,1,1,0,0,0,0,0,0,0,0,0,0,0,0,0,0,0,0
1834,0,0,0,0,0,0,1,0,1,1,0,1,0,0,0,0,0,0,0,0
1566,1,1,1,1,0,0,0,0,0,0,0,0,0,0,1,0,0,0,0,0
1215,1,0,0,1,1,0,0,1,0,0,1,0,0,0,0,0,0,0,0,0
984,0,0,0,1,0,0,1,0,0,0,0,0,0,0,0,0,0,0,0,0
1345,0,0,0,0,1,0,1,0,0,1,1,0,0,0,0,0,0,0,0,0
2453,0,0,0,0,1,0,1,0,0,0,0,0,0,0,0,0,0,0,0,0
490,0,0,0,0,0,0,0,0,0,1,0,0,0,0,0,0,0,0,0,0
2808,0,0,0,0,0,0,0,1,0,0,0,0,1,0,0,0,0,0,0,0
338,0,0,0,0,0,0,0,1,0,1,0,0,1,0,0,0,0,0,0,0
2054,1,0,1,1,1,0,0,0,0,0,0,0,1,0,0,0,0,0,0,0
1918,0,0,0,1,0,0,0,1,1,1,0,0,0,0,0,0,0,0,0,0
1031,1,0,1,0,0,0,0,0,0,0,0,0,0,0,1,0,0,0,0,0
3770,0,0,0,0,0,0,0,0,0,1,1,0,1,0,0,0,0,0,0,0
231,1,0,0,1,0,0,0,0,0,0,0,0,0,0,0,0,0,0,0,0
3483,0,1,1,0,0,0,0,0,0,0,0,0,0,0,0,0,0,0,0,0
2328,0,0,0,0,0,0,0,0,0,0,1,0,0,0,0,0,0,1,0,0
368,1,0,0,1,0,0,0,0,0,0,0,0,0,0,0,0,0,1,0,0
3785,0,0,0,1,0,0,0,0,0,0,1,0,0,0,0,0,0,0,0,0
3263,0,0,0,1,0,0,1,0,0,0,0,0,0,0,0,0,0,0,0,0
2717,0,0,0,1,1,0,0,0,0,0,0,0,1,0,0,0,0,0,0,0
3063,0,0,0,0,0,0,1,0,0,1,0,0,0,0,0,0,0,0,0,0
852,0,0,0,1,0,1,1,0,0,0,0,0,0,0,0,0,0,0,0,0
931,0,0,0,0,0,1,0,0,0,1,0,1,0,0,0,0,0,0,0,0
933,0,0,0,0,0,1,0,0,1,1,0,1,0,0,0,0,0,0,0,0
1196,1,0,0,0,0,0,0,1,0,0,0,0,1,0,0,0,0,0,0,0
1479,0,0,0,0,0,1,0,1,0,1,0,0,1,0,0,0,0,0,0,0
3477,0,0,0,1,0,0,1,0,0,0,0,0,0,0,0,0,0,0,0,0
2335,0,0,0,1,0,0,0,0,0,0,0,0,0,0,0,0,0,0,0,0
366,0,0,0,0,0,0,1,0,0,1,1,1,0,0,0,0,0,0,0,0
2081,0,1,1,1,0,1,0,0,0,0,0,0,0,0,1,0,0,0,0,0
2372,0,0,0,1,0,0,0,0,0,0,0,0,0,0,0,0,0,0,0,0
2722,0,0,0,0,0,0,0,1,0,1,1,0,1,0,0,0,0,0,0,0
2657,0,0,0,1,0,0,0,0,0,0,1,0,1,0,1,0,0,0,0,0
380,1,0,0,1,0,1,0,1,0,1,0,0,0,0,0,0,0,0,0,0
118,0,0,0,1,0,1,0,0,0,0,0,0,0,0,0,0,0,0,0,0
1396,0,0,0,1,0,0,1,1,1,0,0,0,1,0,0,0,0,0,0,0
2253,0,0,0,1,1,0,0,0,0,0,0,0,0,0,0,0,0,0,0,0
3421,0,0,0,1,0,0,0,0,0,0,0,0,0,0,0,0,0,0,0,0
1658,0,0,0,0,0,1,0,0,0,1,0,0,0,0,0,0,0,0,0,0
3608,1,0,0,1,0,0,0,0,0,0,0,0,0,0,0,0,0,0,0,0
2037,1,0,1,1,0,0,0,0,0,0,0,0,0,0,0,0,0,0,0,0
1347,0,0,0,0,0,0,0,0,0,1,1,0,0,0,0,0,0,0,0,0
1500,0,0,0,1,0,1,0,0,1,0,0,0,0,0,0,0,0,0,0,0
674,1,0,0,1,0,0,0,0,0,0,0,0,1,0,0,0,0,0,0,0
3393,0,0,0,1,1,1,0,0,0,0,0,0,0,0,0,0,0,0,0,0
3238,0,0,0,0,0,0,0,0,0,1,0,0,0,0,0,0,0,0,0,0
3248,0,0,0,1,0,0,0,0,0,0,0,0,0,0,0,0,0,0,0,0
3717,0,0,0,0,0,0,0,1,1,0,0,0,0,0,0,0,0,0,0,0
2491,0,0,0,1,0,1,0,0,0,0,0,0,0,0,0,0,0,0,0,0
2867,0,0,0,1,0,0,0,0,0,1,1,0,0,0,0,0,0,0,0,0
2622,0,0,0,1,1,0,0,0,0,0,0,0,0,0,0,0,0,0,0,0
3035,0,0,0,1,0,0,1,0,0,0,0,0,0,1,0,0,0,0,0,0
3685,0,0,0,1,0,1,1,0,0,0,0,0,0,0,0,0,0,0,0,0
783,0,1,1,0,0,1,1,0,0,0,0,0,0,0,1,0,0,0,0,0
3623,1,0,0,0,0,0,0,1,0,1,0,0,0,0,0,0,0,0,0,0
364,1,1,1,0,0,0,1,0,0,0,0,0,0,0,1,0,1,0,0,0
1234,0,0,0,1,0,0,0,0,1,0,0,0,0,0,0,0,0,0,0,0
1136,1,0,0,1,1,0,0,0,0,0,0,0,0,0,0,0,0,0,0,0
1474,0,0,1,1,0,0,0,0,0,0,0,0,0,0,0,0,0,0,0,0
1367,1,0,1,1,0,0,0,0,0,0,0,0,0,0,0,0,0,0,0,0
1855,0,0,0,1,0,0,0,0,0,0,0,0,0,0,0,0,0,0,0,0
2052,0,0,1,1,1,0,0,0,0,0,1,0,0,0,0,0,0,0,0,0
1924,0,0,0,0,0,0,0,0,0,0,1,0,1,0,0,0,0,0,0,0
1702,0,0,1,1,1,0,0,0,0,0,0,0,0,0,0,0,0,0,0,0
1394,0,0,0,1,0,0,0,0,0,0,0,0,0,0,0,0,0,0,0,0
3254,0,0,0,1,0,0,0,0,0,0,0,0,0,0,0,0,0,0,0,0
291,0,0,0,0,0,0,1,0,0,1,0,0,0,0,0,0,0,0,0,0
468,0,0,0,1,0,1,0,0,0,0,0,0,0,0,0,0,0,0,0,0
810,0,0,1,1,1,0,0,0,0,0,0,0,0,0,0,0,0,0,0,0
745,0,1,1,1,0,0,0,0,0,0,0,0,0,0,0,0,0,0,0,0
3535,0,0,0,0,0,0,0,0,1,1,1,1,0,0,0,0,0,0,0,0
252,0,0,0,1,0,1,0,0,0,0,0,0,0,0,0,0,0,0,0,0
743,0,0,0,1,0,0,0,0,0,0,0,0,0,0,0,0,0,0,0,0
3257,0,0,0,0,0,1,1,0,0,1,0,0,0,0,0,0,0,0,0,0
719,0,0,0,1,0,0,0,0,0,0,0,0,0,0,0,0,0,0,0,0
362,1,0,1,0,0,1,0,0,0,0,0,0,0,0,0,0,0,0,0,0
520,0,0,0,1,0,0,0,0,0,0,0,0,0,0,0,0,0,0,0,0
965,0,0,0,0,0,0,1,0,0,1,0,1,0,0,0,0,0,0,0,0
2244,0,0,0,1,0,1,0,0,0,0,0,0,0,0,0,0,0,0,0,0
2918,0,0,0,1,0,0,0,0,0,0,0,0,0,0,0,0,0,0,0,0
1590,0,0,0,0,0,0,0,0,0,1,1,0,1,0,0,0,0,0,0,0
1588,0,0,1,1,0,0,0,0,0,0,0,0,0,0,0,0,0,0,0,0
1127,1,0,0,0,0,0,0,1,0,1,0,0,1,0,0,0,0,0,0,0
1991,0,0,0,0,0,0,0,0,0,1,1,0,0,0,0,0,0,0,0,0
2710,0,0,0,0,0,0,1,0,0,1,1,0,0,0,0,0,0,0,0,0
2446,0,0,0,0,0,0,0,0,0,1,1,0,0,0,0,0,0,0,0,0
3440,1,0,1,1,1,0,0,1,0,0,0,0,0,0,0,0,0,0,0,0
2203,0,0,0,0,0,0,1,0,1,1,0,0,0,0,0,0,0,0,0,0
2171,0,0,0,1,0,1,1,0,0,0,0,0,0,0,0,0,0,0,0,0
1064,0,1,1,1,1,1,0,0,0,0,0,0,0,0,1,0,0,0,0,0
1968,0,0,0,1,0,0,1,0,0,0,0,0,0,0,0,0,0,0,0,0
1210,1,0,0,0,0,0,0,1,0,0,0,0,1,0,0,0,0,0,0,0
2548,0,0,0,0,0,0,0,0,0,0,1,0,0,0,0,0,0,0,0,0
2374,0,0,0,1,0,0,1,0,0,0,0,0,0,0,0,0,0,0,0,0
575,0,0,1,1,0,0,0,0,0,0,0,0,0,0,0,0,0,0,0,0
2072,0,0,0,1,0,0,0,0,0,0,0,0,0,0,0,0,0,0,0,0
2302,0,0,0,1,0,0,0,0,0,0,0,0,0,0,0,0,0,0,0,0
2465,0,0,0,0,0,0,0,0,0,0,1,0,0,0,0,0,0,0,0,0
1049,1,0,0,0,0,0,0,1,0,0,0,0,0,0,0,0,0,0,0,0
2355,1,1,1,1,0,0,0,0,0,0,0,0,0,0,0,0,0,0,0,0
512,0,0,0,0,0,0,0,0,0,0,1,0,1,0,0,0,0,0,0,0
2467,0,0,0,0,0,0,1,0,1,1,0,1,0,0,0,0,0,0,0,0
2716,0,0,0,1,0,0,0,1,0,0,0,0,1,0,0,0,0,0,0,0
472,0,0,0,1,0,0,1,0,0,0,0,0,0,0,0,0,0,0,0,0
3082,1,0,0,0,0,0,0,1,0,1,0,0,0,0,0,0,0,0,0,0
158,1,0,1,0,0,0,0,0,0,0,0,0,0,0,0,0,0,0,0,0
3536,0,0,0,1,0,1,1,0,0,0,0,0,0,0,0,0,0,0,0,0
1339,0,0,0,0,1,1,0,0,0,1,1,0,0,0,0,0,0,0,0,0
546,1,0,1,1,1,0,0,1,0,0,0,0,1,0,0,0,0,0,0,0
2968,1,0,0,1,1,0,0,0,0,0,0,0,1,0,0,0,0,0,0,0
410,0,0,1,1,1,0,0,0,0,0,0,0,0,0,0,0,0,0,0,0
223,0,0,0,1,0,0,0,0,0,0,0,0,0,0,0,0,0,0,0,0
1375,1,0,0,0,0,0,0,1,0,0,0,0,1,0,0,0,0,0,0,0
333,0,0,0,1,0,0,0,0,0,0,0,0,0,0,0,0,0,0,0,0
2249,0,0,0,1,0,0,0,0,0,0,0,0,0,0,0,0,0,0,0,0
2015,0,0,1,1,1,0,0,0,0,0,0,0,0,0,0,0,0,0,0,0
2733,1,0,0,1,0,1,0,0,0,0,0,0,0,0,0,0,0,0,0,0
543,0,0,0,1,0,1,0,0,0,1,0,0,0,0,0,0,0,0,0,0
13,1,1,1,0,0,0,0,0,0,0,0,0,0,0,0,0,0,0,0,0
866,0,0,0,0,0,1,1,0,1,1,0,0,0,0,0,0,0,0,0,0
2255,0,0,0,1,0,0,0,0,0,0,0,0,0,0,0,0,0,0,0,0
2184,0,0,0,1,0,0,0,0,0,0,0,1,0,0,0,0,0,0,0,0
289,0,0,0,1,0,1,0,0,0,0,0,0,0,0,0,0,0,0,0,0
3108,0,0,0,1,1,1,1,0,0,0,0,0,0,0,0,0,0,0,0,0
2174,0,0,0,1,1,0,0,0,0,0,0,0,0,0,0,0,0,0,0,0
3361,0,0,0,1,0,1,1,0,0,0,0,0,0,0,0,0,0,0,0,0
2694,0,0,0,1,0,0,0,0,0,0,0,0,0,0,0,0,0,0,0,0
1784,0,0,0,1,0,1,1,0,0,0,0,0,0,0,0,0,0,0,0,0
